National Basketball Association	180.2807196267051	6737	Sports\Basketball:1.0,Sports:0.98005,Sports\Baseball:0.586068
Center (basketball)	81.94776963382319	3631	Sports\Basketball:0.999993,Health:0.771722,Sports\Baseball:0.496461,Careers:0.651,Finance\Retirement & Pension:0.882989
Point guard	67.248986083513	3010	Sports\Basketball:0.909258,Sports\Football:0.693321
Power forward (basketball)	59.13471457757829	2995	Sports\Basketball:0.977866,Sports:0.89527
Shooting guard	56.85385586200667	2928	Sports\Basketball:0.979158,Health:0.382459
Basketball positions	75.94033462829336	2866	Sports\Basketball:0.865238
Small forward	52.316384415638595	2609	Sports\Basketball:0.999394,Finance\Retirement & Pension:0.651,Health:0.527568
Los Angeles Lakers	41.65301952342778	2217	Sports:0.973401,Sports\Basketball:1.0,Health:0.382459,Sports\Baseball:0.691078,Finance\Retirement & Pension:0.957491
Boston Celtics	42.9247931898738	2131	Pets & Animals\Birds:0.651,Sports\Basketball:1.0,Sports:0.964307,Sports\Baseball:0.473878
AP Poll	26.269356003597935	2005	Sports\Basketball:0.963877,Sports\Football:0.371339,Sports:0.805702
Philadelphia 76ers	37.327169371637076	1999	Sports\Basketball:0.999998,Sports:0.960534,Sports\Baseball:0.354991
New York Knicks	40.30057249097728	1983	Sports\Basketball:1.0,Sports:0.966665,Sports\Baseball:0.687109
Rebound (basketball)	37.83440957083543	1955	Sports\Basketball:0.98801,Sports:0.296874
Point (basketball)	37.29301115622946	1942	Sports\Basketball:0.907969
Detroit Pistons	36.45251590327222	1938	Sports\Basketball:0.999618,Sports:0.986215,Sports\Baseball:0.173774
Atlanta Hawks	35.00953473951134	1873	Sports\Basketball:1.0,Sports:0.968822,Sports\Baseball:0.41066
Golden State Warriors	35.95719131551509	1845	Sports:0.967447,Arts & Entertainment\Pop Culture & Celebrity News:0.95,Arts & Entertainment\Movies/Television:0.95,Sports\Basketball:0.999999,Sports\Baseball:0.413706
Sacramento Kings	32.938917635012864	1787	Sports:0.974623,Games\Table games:0.328232,Arts & Entertainment\Pop Culture & Celebrity News:0.95,Arts & Entertainment\Movies/Television:0.951621,Sports\Basketball:1.0,Sports\Baseball:0.457534
Chicago Bulls	30.162390147767873	1782	Sports\Basketball:1.0,Sports:0.960534,Sports\Baseball:0.616624
Assist (basketball)	36.557206193611734	1760	Careers:0.651,Sports\Winter Sports\Ice Hockey:0.651,Sports\Basketball:0.999735,Sports:0.775339
San Antonio Spurs	31.258746202470896	1683	Sports\Basketball:0.999999,Sports:0.986988,Sports\Baseball:0.525981
Washington Wizards	29.485989351150053	1658	Arts & Entertainment\Pop Culture & Celebrity News:0.95,Arts & Entertainment\Movies/Television:0.95,Sports\Basketball:0.999592,Sports:0.958223
Houston Rockets	28.757898628263902	1632	Sports:0.968568,Arts & Entertainment\Pop Culture & Celebrity News:0.95,Arts & Entertainment\Movies/Television:0.954751,Sports\Basketball:1.0,Pets & Animals\Birds:0.651,Sciences\Space Science:0.848011,Finance\Retirement & Pension:0.651
Phoenix Suns	25.787630539031785	1620	Sports:0.964809,Arts & Entertainment\Pop Culture & Celebrity News:0.95,Arts & Entertainment\Movies/Television:0.95,Sports\Basketball:0.999999,Sports\Baseball:0.597244
Brooklyn Nets	30.123232205908177	1619	Sports:0.987282,Arts & Entertainment\Pop Culture & Celebrity News:0.951323,Arts & Entertainment\Movies/Television:0.95,Sports\Basketball:1.0,Sports\Baseball:0.593059
NCAA Men's Division I Basketball Championship	56.81305553708675	1587	Games\Table games:0.576936,Sports\Basketball:0.999996,Sports:0.999197,Games\Board games & Puzzles:0.491538
Cleveland Cavaliers	26.33819656884113	1559	Careers:0.651,Sports\Basketball:0.999988,Finance\Mortgages & Loans:0.651,Sports:0.963531
Milwaukee Bucks	26.786269738954235	1549	Pets & Animals\Dogs:0.651,Sports\Basketball:0.999933,Sports:0.964779
Denver Nuggets	26.064483914197318	1498	Sports\Basketball:0.999985,Sports:0.960534,Sports\Baseball:0.382556
Portland Trail Blazers	26.273304785835858	1492	Sports:0.989498,Arts & Entertainment\Pop Culture & Celebrity News:0.950666,Arts & Entertainment\Movies/Television:0.95,Sports\Basketball:1.0,Sports\Baseball:0.779174,Arts & Entertainment\Hobbies:0.267744
Los Angeles Clippers	24.55514740167101	1432	Arts & Entertainment\Hobbies\Drawing/Sketching:0.651,Sports\Basketball:0.999999,Sports:0.961016,Sports\Baseball:0.542458
Indiana Pacers	26.37108233747507	1417	Sports\Motor Sports\Auto Racing:0.549248,Sports\Basketball:0.999989,Sports:0.962647
Dallas Mavericks	23.65766423035304	1396	Sports\Basketball:0.999998,Sports:0.985769,Sports\Baseball:0.308482
Utah Jazz	22.940381066928353	1360	Sports:0.990699,Arts & Entertainment\Pop Culture & Celebrity News:0.95,Arts & Entertainment\Movies/Television:0.951621,Sports\Basketball:1.0,Sports\Baseball:0.601534,Sports\Soccer:0.8807,Finance\Retirement & Pension:0.656416
Miami Heat	22.15567548414272	1319	Sports\Basketball:0.999999,Sports:0.968881,Sports\Baseball:0.413706
NBA Development League	22.65386858645195	1263	Sports\Basketball:0.999999,Sports:0.961227,Sports\Baseball:0.529672
Continental Basketball Association	30.910728848859392	1239	Sports\Basketball:0.998493,Sports:0.96328
Orlando Magic	19.8033651159762	1200	Sports\Basketball:0.999927,Sports:0.965864,Sports\Baseball:0.458728
Madison Square Garden	25.780769072957217	1153	Sports:0.999112,Sports\Basketball:0.999213,Sports\Boxing:0.885906,Home & Garden\Gardening & Landscaping:0.81132,Sports\Winter Sports\Ice Hockey:0.905813,World Localities:0.9975,Home & Garden:0.875204
Minnesota Timberwolves	19.34826718622963	1140	Sports\Basketball:0.999999,Sports:0.986988,Sports\Baseball:0.508412
Seattle SuperSonics	21.32985918206811	1116	Finance\Grants & Financial assistance:0.651,Sports:0.996947,Sports\Basketball:1.0,Sports\Baseball:0.926517,Finance\Retirement & Pension:0.661749
NCAA Men's Basketball All-Americans	22.85870671971112	1115	Sports\Basketball:0.754698
Lega Basket Serie A	18.848167829054944	1093	Sports\Soccer:0.445391,Sports\Basketball:0.997875,Sports:0.959088
Euroleague	25.270741908516648	1082	Sports\Basketball:0.996178,Travel\Air Travel:0.878199,Sports:0.815217
Toronto Raptors	17.643405634574915	1052	Sports\Basketball:1.0,Sports:0.991218,Sports\Baseball:0.732323
Women's National Basketball Association	38.98460615702005	1048	Sports\Basketball:0.999999,Sports:0.965064,Sports\Baseball:0.437016
Naismith Memorial Basketball Hall of Fame	34.25407050752492	1037	Reference\Libraries & Museums\Libraries:0.667797,Sports:0.998928,Sports\Basketball:0.999784,Home & Garden\Swimming pools and spa:0.239476,Reference\Libraries & Museums\Museums:0.999341
Liga ACB	19.167556786222114	1027	Sports\Soccer:0.538231,Sports\Basketball:0.999999,Sports:0.974856
Charlotte Hornets	15.793761996353886	995	Sports:0.756604,Arts & Entertainment\Pop Culture & Celebrity News:0.955054,Arts & Entertainment\Movies/Television:0.95,Sports\Basketball:0.999988,Sports\Baseball:0.437404
New Orleans Pelicans	15.764504345413828	991	Sports\Basketball:0.999995,Sports:0.96008,Sports\Baseball:0.395246
American Basketball Association	31.77132475659028	989	Sports\Basketball:0.996327,Sports:0.957626
Memphis Grizzlies	14.926934382448582	941	Sports\Basketball:0.999914,Sports:0.965159,Sports\Baseball:0.257431
All-NBA Team	16.20094464178195	847	Lifestyle\Dating:0.651,Sports\Basketball:0.999809,Sports:0.504878,Sports\Baseball:0.448734
2013–14 NCAA Division I men's basketball season	10.256639200921446	757	Sports\Basketball:0.958621,Sports:0.704114
Greek Basket League	12.34867902334058	752	Sports\Basketball:0.999934,Sports:0.970242
2012–13 NCAA Division I men's basketball season	9.586711017256622	742	Sports\Basketball:0.958621,Sports:0.704114
Kentucky Wildcats men's basketball	13.871447376038391	727	Sports\Basketball:0.992103,Education\Childhood Education\Primary & Secondary Schooling (K-12):0.617837
North Carolina Tar Heels men's basketball	14.474142080467052	725	Sports\Basketball:1.0,Sports:0.676282
NBA All-Rookie Team	14.624945246062902	717	Careers:0.651,Sports\Basketball:0.999918,Sports:0.573307,Sports\Baseball:0.491308
Turkish Basketball League	15.79582477077986	708	Sports\Basketball:0.999968,Sports:0.966415,Home & Garden\Swimming pools and spa:0.157245
United States men's national basketball team	15.426921939097557	708	Sports\Basketball:0.999427,Sports:0.74289,Sports\Olympics:0.968698
Oklahoma City Thunder	12.086587968291616	693	Sports\Basketball:0.999998,Sports:0.98878,Sports\Baseball:0.420877
Duke Blue Devils men's basketball	13.813222126079173	686	Sports\Basketball:0.999955,Sports:0.512919,Sports\Baseball:0.414403
List of NBA champions	13.166863086575892	658	Sports\Basketball:0.99961,Sports:0.901433,Sports\Baseball:0.458588
FIBA	34.67104756733252	646	Law-Government-Politics:0.689207,Sports\Soccer:0.970568,Sports\Basketball:0.999726,Sports:0.844756
Indiana Hoosiers men's basketball	13.403211964661827	644	Sports:0.974199,Home & Garden\Kitchen and Dining:0.709332,Sports\Basketball:1.0,Education\College and University:0.890982,Home & Garden\Swimming pools and spa:0.458603
Philippine Basketball Association	16.018904612967468	642	Sports\Basketball:0.99992,Sports:0.962592,Sports\Baseball:0.278844
UCLA Bruins men's basketball	13.720541975741094	639	Sports\Basketball:0.986121
2011–12 NCAA Division I men's basketball season	7.9483713098727655	615	Sports\Basketball:0.995687,Automotive\Manufacturers\Mercedes-Benz:0.651,Sports:0.743338
FIBA EuroBasket	20.751723905342043	598	Law-Government-Politics:0.651,Sports\Basketball:0.999952,Sports:0.968192,Sports\Olympics:0.716062
2014–15 NCAA Division I men's basketball season	7.762696753008274	593	Sports\Basketball:0.958621,Sports:0.704114
NBA All-Star Game	14.579584630804781	591	Sports\Basketball:0.987415,Sports:0.902994
Michael Jordan	15.871658294329219	589	Sports:0.997598,Arts & Entertainment\Pop Culture & Celebrity News:0.999889,Arts & Entertainment\Movies/Television:0.9975,Sports\Basketball:1.0,Sports\Baseball:0.991889,Careers:0.994822,Finance\Retirement & Pension:0.958151
Ohio State Buckeyes men's basketball	10.295905079210279	588	Sports\Basketball:0.998527,Sports:0.484358
Kansas Jayhawks men's basketball	11.918939256727795	580	Sports\Basketball:0.998791,Sports:0.546155
Real Madrid Baloncesto	11.083963047415537	572	Sports\Soccer:0.95473,Sports\Basketball:0.999999,Sports:0.978795
NBA draft	9.881069498495144	551	Education:0.523062,Sports\Basketball:0.999829,Health:0.618643,Sports:0.715844
FIBA Basketball World Cup	18.193737487746773	526	Lifestyle\Dating:0.388696,Sports\Soccer:0.96382,Sports\Basketball:0.999526,Sports:0.998689
Southern Conference	17.355534931574343	525	Sports:0.986806,Sports\Basketball:0.999824,Sports\Baseball:0.685243,Sports\Football:0.716811,Sports\Soccer:0.628066
List of NBA All-Stars	12.092343445530116	522	Games\Table games:0.999968,Sports\Basketball:1.0,Family & Parenting\Toys:0.960112,Internet & Telecom\Web Design:0.993528,Arts & Entertainment\Hobbies:0.997637,Games\Card games:0.99968,Games\Board games & Puzzles:0.999848
Basketball Bundesliga	10.527686677661828	519	Sports\Basketball:0.999989,Sports:0.975117
Eurocup Basketball	14.433435023745318	517	Sports\Basketball:0.999991,Sports:0.974181,Sports\Baseball:0.353415
Michigan Wolverines men's basketball	10.664986763634062	513	Sports\Basketball:1.0,Education\College and University:0.651,Finance\Mortgages & Loans:0.662988,Sports:0.610842
Staples Center	5.679655433468162	512	Sports:0.998379,Sports\Basketball:0.998843,Automotive\Manufacturers\Toyota:0.651,Sports\Baseball:0.39923,Sports\Wrestling:0.660159,Sports\Winter Sports\Ice Hockey:0.705975,World Localities:0.9975
FC Barcelona Bàsquet	8.452548302008028	505	Sports\Soccer:0.789386,Sports\Basketball:0.999344,Sports:0.97405
NBA All-Defensive Team	10.748384415901633	503	Sports\Basketball:0.999966,Sports:0.522769,Sports\Baseball:0.52026
Los Angeles Sparks	11.016931730748452	503	Sports\Basketball:0.998582
2010–11 NCAA Division I men's basketball season	6.448050999461062	496	Sports\Basketball:0.958621,Health\Health Conditions\Cancer:0.651
Free throw	12.496466252127671	488	Sports\Basketball:0.940532
Purdue Boilermakers men's basketball	8.934508390588139	486	Sports\Basketball:0.999456,Sports:0.358329
2009–10 NCAA Division I men's basketball season	6.4469873076903825	486	Sports\Basketball:0.958621
Maccabi Tel Aviv B.C.	9.589052977109931	483	Sports\Basketball:0.999997,Sports:0.97884
Three-point field goal	12.011102746452233	483	Sports\Basketball:0.992701
Phoenix Mercury	9.609520422803879	473	Sports\Basketball:0.997798,Sports:0.739276
Syracuse Orange men's basketball	7.932949936707911	473	Sports\Basketball:0.999946,Sports:0.569576
NBA Finals	12.562128813035098	465	Pets & Animals\Birds:0.651,Sports\Basketball:0.999997,Sports:0.674195,Sports\Baseball:0.630492
Maryland Terrapins men's basketball	7.858772502974538	460	Sports\Basketball:0.99983,Finance\Retirement & Pension:0.651,Sports:0.502446
Michigan State Spartans men's basketball	7.485084174620676	457	Sports:0.755877,Games\Table games:0.548727,Sports\Basketball:0.999995,Pets & Animals\Birds:0.651,Automotive\Manufacturers\Ford:0.651
Israeli Basketball Premier League	10.15458017980984	453	Sports\Soccer:0.503007,Sports\Basketball:0.999369,Sports:0.36437
Shaquille O'Neal	10.86410399462334	449	Sports:0.985259,Arts & Entertainment\Pop Culture & Celebrity News:0.999998,Arts & Entertainment\Movies/Television:0.999351,Sports\Basketball:1.0,Careers:0.998193,Business:0.997448,Arts & Entertainment\Music:0.997554
